Indicator Name,Year,Value
Exports,2017,70.01174251
Exports,2018,68.55497142
Exports,2019,65.27776684
Exports,2020,61.57793591
Exports,2021,70.63305555
Exports,2022,76.85018864
Exports,2023,68.58190098
Imports,2017,63.14343086
Imports,2018,61.84765408
Imports,2019,57.75079519
Imports,2020,55.21024653
Imports,2021,63.40293914
Imports,2022,69.65522964
Imports,2023,63.4824063
